T,V,
-0.25,0.022,0
-0.2498,-0.02,0
-0.2496,0.024,0
-0.2494,-0.014,0
-0.2492,0.016,0
-0.249,-0.018,0
-0.2488,0.034,0
-0.2486,0.01,0.2
-0.2484,0.008,0
-0.2482,-0.01,0
-0.248,-0.002,0
-0.2478,0.01,0
-0.2476,-0.01,0
-0.2474,-0.006,0
-0.2472,-0.006,0
-0.247,0.006,0
-0.2468,-0.006,0
-0.2466,0.004,0
-0.2464,0.014,0
-0.2462,0.002,0.2
-0.246,0.006,0
-0.2458,0.026,0
-0.2456,-0.002,0
-0.2454,-0.002,0
-0.2452,0.004,0
-0.245,0.002,0
-0.2448,0.004,0
-0.2446,0.018,0
-0.2444,-0.024,0.2
-0.2442,0.004,0.2
-0.244,0.012,0
-0.2438,0.014,0
-0.2436,-0.006,0
-0.2434,0.008,0
-0.2432,0.006,0
-0.243,0.006,0
-0.2428,0.01,0
-0.2426,0.026,0
-0.2424,-0.002,0
-0.2422,0,0
-0.242,-0.012,0
-0.2418,-0.014,0.2
-0.2416,0.006,0.2
-0.2414,0.014,0
-0.2412,0.002,0
-0.241,0.002,0.2
-0.2408,0.02,0
-0.2406,-0.034,0
-0.2404,0.002,0
-0.2402,0.002,0
-0.24,0.012,0
-0.2398,0.016,0
-0.2396,-0.006,0
-0.2394,-0.018,0
-0.2392,0.002,-0.2
-0.239,-0.004,0
-0.2388,0.026,0
-0.2386,0,0
-0.2384,-0.01,0
-0.2382,0.01,0
-0.238,0.008,0
-0.2378,-0.008,0
-0.2376,-0.004,0
-0.2374,-0.002,0.2
-0.2372,0.004,0
-0.237,-0.004,0
-0.2368,-0.01,0.2
-0.2366,0.004,0
-0.2364,-0.012,0
-0.2362,0.004,0
-0.236,-0.01,0
-0.2358,0.008,0
-0.2356,0.002,0
-0.2354,0.002,0
-0.2352,-0.02,0
-0.235,0.008,0
-0.2348,-0.004,0
-0.2346,-0.006,-0.2
-0.2344,0.004,0
-0.2342,0.022,0
-0.234,-0.014,0
-0.2338,0.006,0
-0.2336,-0.004,0
-0.2334,0.008,0
-0.2332,0.014,0
-0.233,-0.012,0
-0.2328,0.008,0
-0.2326,0.002,0
-0.2324,-0.012,0.2
-0.2322,0.022,0
-0.232,-0.004,0
-0.2318,-0.002,0
-0.2316,0.004,0
-0.2314,-0.01,0
-0.2312,0.004,0
-0.231,0,0
-0.2308,-0.028,0
-0.2306,0,0
-0.2304,0.002,0
-0.2302,0.006,0
-0.23,0.014,0.2
-0.2298,0.008,0
-0.2296,0.002,0
-0.2294,0.016,0
-0.2292,0.006,0
-0.229,-0.024,0
-0.2288,-0.01,0
-0.2286,-0.018,0
-0.2284,0.002,0
-0.2282,0.01,0
-0.228,0.002,0
-0.2278,0.008,0
-0.2276,-0.006,0
-0.2274,0.026,0
-0.2272,0.012,0
-0.227,-0.01,0
-0.2268,0.004,0
-0.2266,-0.002,0
-0.2264,0.008,0.2
-0.2262,-0.024,0.2
-0.226,-0.002,0.2
-0.2258,0.008,0.2
-0.2256,-0.016,0.2
-0.2254,0.01,0
-0.2252,0.002,0
-0.225,-0.01,0.2
-0.2248,-0.02,0
-0.2246,0,0
-0.2244,0.026,0
-0.2242,0.008,0
-0.224,0.006,0
-0.2238,-0.028,0
-0.2236,-0.004,0
-0.2234,0.006,0
-0.2232,0.008,0
-0.223,0.026,0
-0.2228,0.004,0
-0.2226,0.014,0
-0.2224,0.016,0
-0.2222,0.008,0
-0.222,0.016,0.2
-0.2218,-0.01,0
-0.2216,0.004,0
-0.2214,0,0
-0.2212,0.034,0
-0.221,-0.006,0
-0.2208,-0.012,0
-0.2206,0.02,0
-0.2204,-0.028,0
-0.2202,0.006,0
-0.22,-0.028,0
-0.2198,0.008,0
-0.2196,-0.006,0
-0.2194,0.024,0
-0.2192,-0.01,0
-0.219,-0.004,0
-0.2188,0.004,0
-0.2186,-0.024,0
-0.2184,-0.002,0
-0.2182,-0.002,0
-0.218,-0.026,0
-0.2178,0.01,0
-0.2176,-0.012,0
-0.2174,-0.01,0
-0.2172,0.008,0
-0.217,0.004,0
-0.2168,0.016,0
-0.2166,0.008,0
-0.2164,-0.016,0
-0.2162,-0.006,0
-0.216,0,0
-0.2158,-0.01,0
-0.2156,-0.002,0
-0.2154,0.01,0.2
-0.2152,0.006,0
-0.215,-0.01,0
-0.2148,-0.006,0
-0.2146,0.006,0
-0.2144,0.002,0.2
-0.2142,0.002,0
-0.214,-0.008,0
-0.2138,-0.018,0
-0.2136,0.006,0
-0.2134,0.01,0
-0.2132,-0.002,0
-0.213,-0.01,0
-0.2128,-0.016,0
-0.2126,-0.012,0
-0.2124,0.006,0
-0.2122,-0.008,0
-0.212,0.012,0.2
-0.2118,0.012,0.2
-0.2116,0.004,0
-0.2114,0.008,0
-0.2112,-0.022,0
-0.211,0.012,0
-0.2108,-0.01,0
-0.2106,0.01,0
-0.2104,-0.016,0.2
-0.2102,-0.01,0
-0.21,0.008,0.2
-0.2098,-0.014,0
-0.2096,0.026,0
-0.2094,0.008,0
-0.2092,0.002,0
-0.209,-0.008,0
-0.2088,0.002,0
-0.2086,-0.006,0
-0.2084,0.004,0
-0.2082,0.02,0
-0.208,-0.004,0
-0.2078,0.002,0.2
-0.2076,-0.022,0
-0.2074,-0.006,0
-0.2072,-0.002,0
-0.207,0.006,0
-0.2068,-0.002,0
-0.2066,0,0
-0.2064,0.008,0
-0.2062,-0.002,0
-0.206,-0.018,0
-0.2058,-0.002,0
-0.2056,0.012,0
-0.2054,0.002,0
-0.2052,-0.008,0
-0.205,0.016,0
-0.2048,0.002,0
-0.2046,-0.012,0
-0.2044,-0.006,0
-0.2042,0.018,0
-0.204,-0.01,0
-0.2038,-0.022,0
-0.2036,-0.018,0
-0.2034,-0.012,0
-0.2032,0.002,0
-0.203,0.02,0
-0.2028,-0.014,0
-0.2026,0,0
-0.2024,0.002,0.2
-0.2022,0.002,0
-0.202,0.004,0
-0.2018,0.016,0
-0.2016,-0.006,0
-0.2014,0.002,0
-0.2012,-0.016,0
-0.201,0.022,0
-0.2008,-0.026,0
-0.2006,-0.012,0
-0.2004,-0.018,0
-0.2002,0.012,0
-0.2,-0.018,0.2
-0.1998,0.024,0.2
-0.1996,-0.036,0
-0.1994,0.002,0
-0.1992,-0.02,0
-0.199,0.002,0
-0.1988,0.018,0
-0.1986,0.01,0
-0.1984,0.006,0
-0.1982,-0.016,0.2
-0.198,0,0
-0.1978,0.01,0
-0.1976,0.01,0
-0.1974,-0.006,0
-0.1972,0.004,0
-0.197,0,0
-0.1968,-0.002,0
-0.1966,-0.024,0
-0.1964,0.016,0
-0.1962,0.03,0
-0.196,0.004,0
-0.1958,-0.006,0
-0.1956,0,-0.2
-0.1954,-0.01,0
-0.1952,0.002,0
-0.195,0.01,0
-0.1948,-0.002,0
-0.1946,0.01,0
-0.1944,-0.024,0
-0.1942,-0.014,0
-0.194,-0.016,0
-0.1938,0.022,0
-0.1936,0.002,0
-0.1934,0.008,0
-0.1932,-0.01,0
-0.193,-0.004,0
-0.1928,0.016,0
-0.1926,-0.008,0
-0.1924,0.016,0
-0.1922,-0.004,0
-0.192,-0.016,0
-0.1918,0.008,0
-0.1916,-0.002,0
-0.1914,-0.002,0
-0.1912,-0.016,0
-0.191,-0.006,0
-0.1908,0.016,0.2
-0.1906,-0.008,0
-0.1904,0.032,0.2
-0.1902,-0.008,0
-0.19,0.002,0.2
-0.1898,-0.014,0
-0.1896,0.024,0
-0.1894,-0.026,0
-0.1892,0.024,0
-0.189,-0.024,0.2
-0.1888,0.012,0
-0.1886,-0.02,0.2
-0.1884,0.008,0
-0.1882,-0.01,0
-0.188,0.014,0
-0.1878,-0.008,0.2
-0.1876,0.002,0
-0.1874,-0.028,0
-0.1872,0.004,0
-0.187,-0.014,0
-0.1868,-0.01,0
-0.1866,-0.006,0
-0.1864,-0.02,0
-0.1862,-0.012,0
-0.186,-0.01,0
-0.1858,0.012,0
-0.1856,-0.008,0
-0.1854,-0.002,0
-0.1852,0.002,0
-0.185,-0.018,0.2
-0.1848,-0.01,-0.2
-0.1846,0.002,0
-0.1844,0.016,0
-0.1842,0,0
-0.184,-0.008,-0.2
-0.1838,0.002,0
-0.1836,0,0
-0.1834,0.006,0
-0.1832,-0.004,0
-0.183,-0.006,0
-0.1828,0.006,0
-0.1826,-0.028,0
-0.1824,-0.004,0
-0.1822,0.018,0
-0.182,0.004,0
-0.1818,0.008,0
-0.1816,0.018,0
-0.1814,0.004,0
-0.1812,-0.004,0
-0.181,-0.006,0
-0.1808,0.014,0
-0.1806,-0.012,0
-0.1804,0.054,0
-0.1802,-0.006,0
-0.18,0.016,0
-0.1798,-0.022,0.2
-0.1796,0.048,0
-0.1794,-0.018,0
-0.1792,0.02,0
-0.179,-0.036,0
-0.1788,0.038,0
-0.1786,-0.026,0
-0.1784,0,0
-0.1782,0.002,0
-0.178,0.004,0
-0.1778,0.008,0
-0.1776,0.002,0
-0.1774,-0.02,0
-0.1772,0.002,-0.2
-0.177,-0.01,0
-0.1768,-0.014,0
-0.1766,-0.024,0
-0.1764,-0.012,0
-0.1762,-0.018,0
-0.176,0.006,0.2
-0.1758,0.028,0
-0.1756,0.012,-0.2
-0.1754,0.004,0
-0.1752,-0.014,0
-0.175,-0.002,0
-0.1748,-0.014,0
-0.1746,0.022,0
-0.1744,0.004,0
-0.1742,0,0
-0.174,-0.01,0
-0.1738,-0.01,0
-0.1736,0.004,0
-0.1734,0.018,0
-0.1732,-0.004,0
-0.173,-0.018,0
-0.1728,-0.008,0
-0.1726,-0.002,0
-0.1724,0.004,0
-0.1722,0.002,0
-0.172,0.03,0
-0.1718,-0.012,0
-0.1716,-0.018,0
-0.1714,-0.006,0
-0.1712,0.01,0
-0.171,-0.004,0
-0.1708,0.002,0
-0.1706,-0.016,0
-0.1704,-0.028,0
-0.1702,0.032,0
-0.17,-0.008,0
-0.1698,0.012,0.2
-0.1696,0.002,0
-0.1694,-0.016,0
-0.1692,0.02,0
-0.169,-0.022,0
-0.1688,0.028,0
-0.1686,-0.006,0
-0.1684,-0.016,0
-0.1682,0.01,0
-0.168,-0.01,0
-0.1678,0.002,0
-0.1676,-0.024,0
-0.1674,0.006,0
-0.1672,-0.014,0
-0.167,-0.016,0.2
-0.1668,-0.006,0
-0.1666,0.01,0
-0.1664,-0.004,0.2
-0.1662,0.006,0
-0.166,0.022,0.2
-0.1658,0.01,0
-0.1656,-0.02,0
-0.1654,0.008,0
-0.1652,0.01,0
-0.165,0.022,0
-0.1648,0.008,0
-0.1646,0.024,0
-0.1644,0.004,0
-0.1642,0.016,0
-0.164,0.01,0
-0.1638,0.016,0
-0.1636,-0.006,0
-0.1634,0.004,0
-0.1632,-0.012,0
-0.163,0.008,0
-0.1628,-0.002,0
-0.1626,-0.012,0
-0.1624,0.004,0
-0.1622,-0.006,0
-0.162,0.002,0
-0.1618,-0.006,0
-0.1616,0.004,0
-0.1614,0.006,0
-0.1612,-0.002,0
-0.161,0.02,0
-0.1608,0,0
-0.1606,0.002,0
-0.1604,-0.004,0
-0.1602,0,0
-0.16,0.026,0
-0.1598,-0.032,0
-0.1596,0.004,0
-0.1594,-0.006,0
-0.1592,0.002,0
-0.159,0.004,0
-0.1588,0.008,0.2
-0.1586,-0.004,0
-0.1584,-0.018,0
-0.1582,0.002,0
-0.158,-0.002,0
-0.1578,-0.01,0
-0.1576,-0.004,0
-0.1574,0.008,0
-0.1572,-0.002,0
-0.157,-0.004,0
-0.1568,-0.008,0
-0.1566,-0.012,0
-0.1564,-0.004,0
-0.1562,-0.012,0
-0.156,0.008,0
-0.1558,-0.006,0
-0.1556,-0.008,0
-0.1554,-0.012,0
-0.1552,0.002,0
-0.155,-0.01,0
-0.1548,0.026,0
-0.1546,-0.004,0
-0.1544,-0.004,0
-0.1542,0.004,0
-0.154,-0.012,0.2
-0.1538,0,0
-0.1536,-0.002,0
-0.1534,-0.004,0
-0.1532,0.006,0
-0.153,0.01,0
-0.1528,0.004,0
-0.1526,-0.002,0
-0.1524,0.004,0
-0.1522,-0.018,0
-0.152,-0.002,0
-0.1518,-0.002,0
-0.1516,0.01,0
-0.1514,0.004,0
-0.1512,0.008,0
-0.151,-0.032,0
-0.1508,0.014,0
-0.1506,0.012,0
-0.1504,0.002,-0.2
-0.1502,0.022,0.2
-0.15,-0.006,0
-0.1498,0.034,0
-0.1496,-0.01,0
-0.1494,0,0.2
-0.1492,-0.024,0
-0.149,-0.002,0
-0.1488,-0.006,0
-0.1486,0.012,0
-0.1484,0.012,0
-0.1482,0.002,0
-0.148,-0.014,0
-0.1478,0.006,0
-0.1476,0.004,0
-0.1474,0.03,0
-0.1472,0.012,0.2
-0.147,-0.014,0
-0.1468,0.006,0
-0.1466,0.024,0
-0.1464,0.006,0
-0.1462,0.01,0
-0.146,0.008,0
-0.1458,-0.006,0
-0.1456,-0.024,0
-0.1454,-0.032,0
-0.1452,-0.004,0
-0.145,0.024,0.2
-0.1448,-0.004,0
-0.1446,-0.002,0
-0.1444,-0.006,0
-0.1442,-0.016,-0.2
-0.144,0,0
-0.1438,-0.006,0
-0.1436,0.004,0
-0.1434,0.01,0
-0.1432,-0.016,0
-0.143,0,0.2
-0.1428,0.002,0
-0.1426,-0.004,0
-0.1424,-0.01,0
-0.1422,0.004,0
-0.142,-0.006,0
-0.1418,0.004,0
-0.1416,0.006,0
-0.1414,0.036,0
-0.1412,0,0
-0.141,-0.02,0
-0.1408,0.022,0
-0.1406,-0.022,0
-0.1404,0.004,0
-0.1402,-0.012,0
-0.14,0,0
-0.1398,-0.002,0
-0.1396,0.008,0
-0.1394,-0.002,0
-0.1392,-0.018,0
-0.139,0.022,0
-0.1388,-0.036,0
-0.1386,0.008,0
-0.1384,-0.026,0.2
-0.1382,0.01,0
-0.138,0.014,0
-0.1378,0.024,0
-0.1376,0.008,0.2
-0.1374,0,0
-0.1372,-0.004,0
-0.137,-0.024,0.2
-0.1368,0.004,0
-0.1366,0.012,0
-0.1364,-0.004,0
-0.1362,0.008,0
-0.136,0.006,0.2
-0.1358,0.004,0
-0.1356,0,0
-0.1354,-0.006,0
-0.1352,0.018,0
-0.135,0.02,0
-0.1348,-0.01,0
-0.1346,0.008,0
-0.1344,0.012,0
-0.1342,0.01,0
-0.134,0.024,0
-0.1338,0.004,0
-0.1336,-0.012,0
-0.1334,-0.012,0
-0.1332,-0.026,0.2
-0.133,0,0
-0.1328,0.004,0
-0.1326,0,0
-0.1324,-0.006,0
-0.1322,0.024,0
-0.132,0.002,0
-0.1318,0.01,0
-0.1316,-0.002,0
-0.1314,-0.01,0
-0.1312,0.002,0
-0.131,0.026,0
-0.1308,-0.004,0
-0.1306,0.004,0
-0.1304,0.022,0
-0.1302,0.012,0
-0.13,0.01,0
-0.1298,0.026,0
-0.1296,0.016,0
-0.1294,0.012,0
-0.1292,0.028,0
-0.129,-0.002,0
-0.1288,0.01,0
-0.1286,-0.018,0.2
-0.1284,-0.014,0
-0.1282,-0.024,0.2
-0.128,0.014,0.2
-0.1278,0,0
-0.1276,0.014,0
-0.1274,-0.016,0
-0.1272,-0.008,0
-0.127,0.004,0
-0.1268,-0.002,0
-0.1266,0.01,0.2
-0.1264,0.006,0
-0.1262,-0.02,0
-0.126,-0.01,0
-0.1258,-0.008,0
-0.1256,-0.006,0
-0.1254,-0.018,0
-0.1252,-0.006,0
-0.125,0.002,0
-0.1248,0.012,0
-0.1246,-0.004,0.2
-0.1244,-0.002,0
-0.1242,-0.01,0
-0.124,-0.008,0
-0.1238,-0.002,0
-0.1236,0,0
-0.1234,0.028,0
-0.1232,-0.016,0.2
-0.123,-0.016,0
-0.1228,0.002,-0.2
-0.1226,-0.014,0
-0.1224,-0.008,0
-0.1222,0.006,0
-0.122,-0.008,0
-0.1218,0.008,0
-0.1216,0,0
-0.1214,-0.004,0
-0.1212,0.016,0
-0.121,-0.002,0
-0.1208,-0.01,0
-0.1206,-0.026,0
-0.1204,0.016,0
-0.1202,0.014,0
-0.12,0.026,0
-0.1198,-0.016,0
-0.1196,0.02,0
-0.1194,0.026,0
-0.1192,0.028,0
-0.119,0.012,0.2
-0.1188,0.014,0.2
-0.1186,-0.002,0
-0.1184,-0.01,0
-0.1182,0.02,0.2
-0.118,0.004,0
-0.1178,0.01,0
-0.1176,0.03,0.2
-0.1174,0,0
-0.1172,-0.012,0
-0.117,-0.002,0
-0.1168,0.008,0
-0.1166,-0.006,0
-0.1164,-0.016,0
-0.1162,-0.002,0
-0.116,-0.01,0
-0.1158,-0.022,0
-0.1156,0.008,0
-0.1154,-0.008,0
-0.1152,-0.01,0
-0.115,-0.004,0
-0.1148,0.004,0
-0.1146,-0.008,0
-0.1144,0.01,0
-0.1142,-0.008,0
-0.114,0.03,0
-0.1138,0.004,0
-0.1136,0.01,0
-0.1134,0.014,0
-0.1132,-0.006,0
-0.113,-0.014,0
-0.1128,-0.006,0
-0.1126,0.004,0
-0.1124,0.026,0
-0.1122,0.018,0
-0.112,0.004,0
-0.1118,-0.02,0.2
-0.1116,0.002,0
-0.1114,0.002,0
-0.1112,-0.01,0
-0.111,-0.016,0
-0.1108,0.038,0
-0.1106,0.018,0
-0.1104,0.004,0
-0.1102,0.008,0
-0.11,0.006,0
-0.1098,-0.012,0
-0.1096,-0.026,0.2
-0.1094,0.01,0
-0.1092,-0.014,0
-0.109,0,0.2
-0.1088,0.006,0
-0.1086,0.006,0
-0.1084,-0.02,0
-0.1082,-0.016,0
-0.108,0.002,0
-0.1078,-0.004,0
-0.1076,-0.016,0
-0.1074,0.018,0
-0.1072,0.002,0
-0.107,-0.002,0
-0.1068,-0.008,0
-0.1066,-0.002,0
-0.1064,0.002,0
-0.1062,0,0
-0.106,0.016,0.2
-0.1058,-0.002,0
-0.1056,0.002,0
-0.1054,-0.006,0
-0.1052,-0.012,0
-0.105,-0.002,0
-0.1048,-0.016,0
-0.1046,-0.006,0
-0.1044,-0.008,0
-0.1042,-0.008,0
-0.104,-0.008,0
-0.1038,-0.014,0
-0.1036,0.006,0
-0.1034,0.014,0
-0.1032,-0.014,0
-0.103,0.008,0
-0.1028,0.024,0.2
-0.1026,0.01,0
-0.1024,-0.006,0
-0.1022,-0.01,0
-0.102,-0.006,0
-0.1018,0.008,0
-0.1016,-0.006,0
-0.1014,0.006,0
-0.1012,-0.014,-0.2
-0.101,0.002,-0.2
-0.1008,-0.006,0
-0.1006,-0.012,0.2
-0.1004,0.004,0
-0.1002,0.03,0
-0.1,0.006,0
-0.0998,0.004,0
-0.0996,-0.004,0
-0.0994,0.008,0.2
-0.0992,-0.008,0.2
-0.099,0.008,0
-0.0988,-0.004,0
-0.0986,0.022,0
-0.0984,-0.002,0
-0.0982,0.002,0
-0.098,0.006,0
-0.0978,-0.01,0
-0.0976,0.006,0
-0.0974,0.004,0
-0.0972,0.014,-0.2
-0.097,-0.014,0
-0.0968,-0.016,0
-0.0966,0.01,0
-0.0964,0.006,0
-0.0962,-0.006,0
-0.096,0.012,0
-0.0958,0,-0.2
-0.0956,0.006,0
-0.0954,-0.016,0
-0.0952,-0.018,0.2
-0.095,-0.008,0
-0.0948,0.014,0.2
-0.0946,0.014,0
-0.0944,-0.022,-0.2
-0.0942,0,0
-0.094,-0.008,0
-0.0938,0.016,0
-0.0936,-0.012,0.2
-0.0934,0.014,0
-0.0932,0.002,0
-0.093,0,0
-0.0928,0.006,0
-0.0926,-0.01,0.2
-0.0924,0.012,0
-0.0922,-0.01,0
-0.092,-0.004,0
-0.0918,0.004,0
-0.0916,-0.004,0
-0.0914,-0.006,0.2
-0.0912,-0.012,0
-0.091,-0.016,0
-0.0908,-0.006,0.2
-0.0906,-0.006,0.2
-0.0904,-0.008,0.2
-0.0902,0.004,0
-0.09,0,0
-0.0898,0.01,0
-0.0896,0.014,0
-0.0894,0.022,0
-0.0892,-0.022,0
-0.089,0.026,0
-0.0888,-0.01,0
-0.0886,0.004,0
-0.0884,-0.016,0
-0.0882,-0.01,0
-0.088,-0.004,0
-0.0878,0,0
-0.0876,-0.006,0
-0.0874,-0.018,0
-0.0872,-0.01,0
-0.087,0.002,0
-0.0868,-0.024,0.2
-0.0866,0.004,0
-0.0864,-0.018,0
-0.0862,0.016,0
-0.086,0.01,0
-0.0858,-0.002,0
-0.0856,-0.01,0
-0.0854,0.012,0
-0.0852,-0.006,0
-0.085,-0.002,0
-0.0848,0.03,0
-0.0846,0.008,0
-0.0844,0.012,0
-0.0842,-0.008,0
-0.084,0.016,0
-0.0838,0.002,0
-0.0836,-0.002,0
-0.0834,0.01,0.2
-0.0832,-0.01,0
-0.083,0.018,0
-0.0828,-0.012,0
-0.0826,0.002,0
-0.0824,0.004,0
-0.0822,0.006,0
-0.082,0.002,0
-0.0818,0.024,0
-0.0816,0.006,0
-0.0814,-0.01,0
-0.0812,-0.016,0
-0.081,-0.02,0
-0.0808,0.006,0
-0.0806,0.018,0.2
-0.0804,-0.018,0
-0.0802,0.016,0
-0.08,0.002,0
-0.0798,0,0.2
-0.0796,-0.016,0
-0.0794,0.002,0
-0.0792,-0.022,0
-0.079,-0.004,0
-0.0788,-0.02,0
-0.0786,-0.008,0
-0.0784,0.018,0
-0.0782,0.022,0
-0.078,-0.008,0
-0.0778,-0.004,0
-0.0776,-0.018,0
-0.0774,-0.002,0
-0.0772,0,0
-0.077,0.002,0
-0.0768,-0.01,0
-0.0766,-0.008,0
-0.0764,-0.01,0
-0.0762,0,0
-0.076,0.004,0
-0.0758,-0.012,0
-0.0756,-0.018,0
-0.0754,0.014,0
-0.0752,-0.01,0
-0.075,-0.008,0
-0.0748,0.028,0
-0.0746,0.006,0
-0.0744,-0.01,0
-0.0742,-0.016,0
-0.074,-0.006,0
-0.0738,-0.006,0
-0.0736,-0.014,0
-0.0734,0.016,0
-0.0732,0.006,0.2
-0.073,-0.018,0
-0.0728,-0.018,0
-0.0726,0.008,0
-0.0724,0.018,0
-0.0722,0.02,0
-0.072,-0.012,0
-0.0718,0.01,0
-0.0716,-0.022,0
-0.0714,-0.006,0
-0.0712,0.002,0.2
-0.071,-0.002,0
-0.0708,0.006,0
-0.0706,-0.028,0
-0.0704,0.01,0
-0.0702,-0.012,0.2
-0.07,-0.008,0
-0.0698,0.004,0
-0.0696,-0.002,0
-0.0694,-0.008,0
-0.0692,-0.012,0
-0.069,0,0
-0.0688,0.014,0
-0.0686,0.002,0
-0.0684,-0.024,0.2
-0.0682,0.01,0
-0.068,-0.006,0
-0.0678,0.016,0
-0.0676,-0.008,0
-0.0674,-0.01,0
-0.0672,-0.02,0.2
-0.067,-0.018,0
-0.0668,0.006,0
-0.0666,0.006,0
-0.0664,-0.02,0
-0.0662,0,0
-0.066,-0.002,0.2
-0.0658,0.006,0
-0.0656,-0.014,0
-0.0654,0.012,0
-0.0652,-0.012,0
-0.065,-0.008,0
-0.0648,0.004,0
-0.0646,0.018,0
-0.0644,0.02,0
-0.0642,0.002,0
-0.064,0.004,0
-0.0638,-0.008,-0.2
-0.0636,0.002,0.2
-0.0634,0.008,0.2
-0.0632,0.014,0
-0.063,-0.026,0
-0.0628,0.006,0.2
-0.0626,-0.022,0
-0.0624,-0.024,0
-0.0622,0.026,0
-0.062,0,0
-0.0618,0.002,0
-0.0616,-0.002,0
-0.0614,0.018,0
-0.0612,0.008,0
-0.061,-0.016,0
-0.0608,-0.004,0.2
-0.0606,-0.006,0
-0.0604,0.01,0.2
-0.0602,-0.008,0
-0.06,0.012,0
-0.0598,0.006,0
-0.0596,-0.002,0
-0.0594,0.016,0
-0.0592,0.018,0.2
-0.059,-0.008,0
-0.0588,0.024,0
-0.0586,0.008,0
-0.0584,-0.002,0.2
-0.0582,0.01,0
-0.058,0.006,0
-0.0578,-0.012,0
-0.0576,0.006,0.2
-0.0574,0.008,0
-0.0572,0.012,0
-0.057,0.01,0
-0.0568,0,0
-0.0566,0.008,0
-0.0564,0.032,0
-0.0562,-0.002,0
-0.056,-0.018,0
-0.0558,-0.01,0
-0.0556,-0.028,0
-0.0554,-0.008,0
-0.0552,0.006,0
-0.055,0.024,0.2
-0.0548,0.012,0
-0.0546,-0.01,0
-0.0544,-0.01,0
-0.0542,-0.002,0
-0.054,0.022,0
-0.0538,0.004,0
-0.0536,0.006,0
-0.0534,0.008,0
-0.0532,-0.004,0
-0.053,-0.008,0
-0.0528,0.002,0
-0.0526,-0.02,0
-0.0524,-0.008,0
-0.0522,0.012,0
-0.052,0.016,0
-0.0518,0.008,0
-0.0516,-0.018,0
-0.0514,0.01,0.2
-0.0512,0.016,0.2
-0.051,0.008,0
-0.0508,0.018,0
-0.0506,0.004,0
-0.0504,-0.016,0
-0.0502,0.02,0
-0.05,-0.03,0
-0.0498,-0.008,0
-0.0496,-0.028,0.2
-0.0494,-0.004,0
-0.0492,-0.026,0
-0.049,0.006,0
-0.0488,-0.018,0
-0.0486,0.008,0
-0.0484,-0.02,0
-0.0482,-0.02,0
-0.048,0.002,0
-0.0478,0,0
-0.0476,0.006,0.2
-0.0474,-0.022,0
-0.0472,0,0
-0.047,-0.008,0
-0.0468,-0.012,-0.2
-0.0466,0.008,0
-0.0464,-0.016,0
-0.0462,-0.004,0
-0.046,0.006,0
-0.0458,-0.01,0
-0.0456,0.006,0
-0.0454,-0.012,0
-0.0452,0.012,0
-0.045,0.014,0
-0.0448,-0.008,0
-0.0446,0.008,0
-0.0444,0.012,0
-0.0442,0.026,0
-0.044,-0.01,0
-0.0438,0.006,0
-0.0436,-0.006,0
-0.0434,-0.016,0
-0.0432,-0.002,0
-0.043,-0.01,0.2
-0.0428,0.008,0
-0.0426,0.018,0
-0.0424,-0.01,0
-0.0422,0.004,0
-0.042,-0.012,0
-0.0418,0.018,0
-0.0416,0.006,0
-0.0414,-0.022,0.2
-0.0412,-0.012,0
-0.041,0.02,0
-0.0408,-0.002,0
-0.0406,-0.008,-0.2
-0.0404,0.004,-0.2
-0.0402,-0.01,0
-0.04,0.004,0
-0.0398,-0.008,0
-0.0396,-0.004,0
-0.0394,0.016,0.2
-0.0392,-0.002,0
-0.039,0.012,0
-0.0388,-0.012,0
-0.0386,-0.006,0
-0.0384,0.008,0.2
-0.0382,-0.008,0
-0.038,-0.004,0
-0.0378,-0.014,0
-0.0376,-0.02,0
-0.0374,-0.01,0
-0.0372,0.004,0
-0.037,-0.008,0
-0.0368,0.022,0
-0.0366,0.014,0
-0.0364,-0.018,0
-0.0362,0.004,0
-0.036,-0.02,0
-0.0358,-0.004,0
-0.0356,0.004,0
-0.0354,0.008,0
-0.0352,0.01,0
-0.035,0.002,0
-0.0348,-0.018,0
-0.0346,0.018,0
-0.0344,0.006,0
-0.0342,-0.002,0
-0.034,0.006,0.2
-0.0338,-0.024,0
-0.0336,0.004,0
-0.0334,0.006,0
-0.0332,-0.006,0
-0.033,-0.01,0
-0.0328,0.008,0
-0.0326,-0.022,0
-0.0324,0.008,0.2
-0.0322,0.022,0
-0.032,0.004,0
-0.0318,0.006,0.2
-0.0316,0.008,0
-0.0314,-0.002,0
-0.0312,0.016,0
-0.031,-0.002,0
-0.0308,0.008,0
-0.0306,0.008,0
-0.0304,-0.004,0
-0.0302,0.01,0
-0.03,-0.004,0
-0.0298,0.022,0.2
-0.0296,0.01,0.2
-0.0294,0.01,0
-0.0292,-0.004,0.2
-0.029,0.01,0
-0.0288,-0.012,0
-0.0286,0.036,0.2
-0.0284,0.014,0.2
-0.0282,-0.014,0
-0.028,0.002,0
-0.0278,0.01,0
-0.0276,-0.004,0
-0.0274,0.018,0
-0.0272,0.01,0
-0.027,0.016,0
-0.0268,0.004,0
-0.0266,0.004,0
-0.0264,-0.012,0
-0.0262,0.01,0
-0.026,0.008,0
-0.0258,0.004,0
-0.0256,-0.004,0
-0.0254,-0.006,0
-0.0252,-0.014,0
-0.025,0.004,0.2
-0.0248,-0.01,0.2
-0.0246,-0.006,0.2
-0.0244,-0.008,0
-0.0242,-0.026,0
-0.024,-0.006,0
-0.0238,0.04,0
-0.0236,0.01,0
-0.0234,0.01,0.2
-0.0232,0.01,0
-0.023,0.01,0
-0.0228,0.012,0.2
-0.0226,0.008,0
-0.0224,0.026,0
-0.0222,0.008,0
-0.022,0.016,0.2
-0.0218,0.006,0
-0.0216,0.02,0
-0.0214,0.004,0.2
-0.0212,0.004,0
-0.021,0.006,0
-0.0208,-0.004,0
-0.0206,0.02,0
-0.0204,0.022,0.2
-0.0202,-0.012,0
-0.02,0.034,0
-0.0198,0,0
-0.0196,0.032,0
-0.0194,-0.006,0
-0.0192,0.026,0
-0.019,-0.018,0
-0.0188,0.026,0
-0.0186,-0.002,0
-0.0184,0.002,0
-0.0182,0.014,0
-0.018,0.02,0
-0.0178,0.022,0
-0.0176,-0.006,0
-0.0174,0.016,0.2
-0.0172,0.01,0
-0.017,-0.004,0
-0.0168,-0.006,0
-0.0166,0.028,0
-0.0164,0.022,0
-0.0162,0.02,0
-0.016,-0.002,0
-0.0158,0.004,0.2
-0.0156,0.004,0
-0.0154,0.002,0
-0.0152,0.012,0
-0.015,0.02,0.2
-0.0148,0.03,0
-0.0146,0.004,0
-0.0144,0.02,0
-0.0142,0.008,0
-0.014,0.026,0
-0.0138,0.03,0
-0.0136,0.032,0
-0.0134,0.006,0
-0.0132,0.01,0
-0.013,0.022,0
-0.0128,0.018,0
-0.0126,0.024,0
-0.0124,0.028,0
-0.0122,0.024,0
-0.012,0.02,0
-0.0118,0.03,0
-0.0116,0.02,0
-0.0114,0.024,0.2
-0.0112,0.012,0
-0.011,0.034,0
-0.0108,0.044,0
-0.0106,-0.016,0.2
-0.0104,0.058,0
-0.0102,0.016,0
-0.01,0.022,0
-0.0098,0.02,0
-0.0096,0.032,0.2
-0.0094,0.016,0
-0.0092,0.042,0
-0.009,0.018,0
-0.0088,0.042,0
-0.0086,0.052,0
-0.0084,0.004,0
-0.0082,0.038,0
-0.008,0.04,0
-0.0078,0.038,0
-0.0076,0.026,0
-0.0074,0.034,0.2
-0.0072,0.04,0
-0.007,0.052,0
-0.0068,0.032,0
-0.0066,0.046,0
-0.0064,0.046,0
-0.0062,0.04,0
-0.006,0.016,0
-0.0058,0.044,0
-0.0056,0.042,0
-0.0054,0.05,0
-0.0052,0.044,0
-0.005,0.054,0
-0.0048,0.058,0
-0.0046,0.064,0.2
-0.0044,0.056,0.2
-0.0042,0.038,0
-0.004,0.04,0
-0.0038,0.074,0
-0.0036,0.058,0
-0.0034,0.058,0
-0.0032,0.082,0
-0.003,0.036,0.2
-0.0028,0.064,0
-0.0026,0.09,0.2
-0.0024,0.072,0
-0.0022,0.062,0.2
-0.002,0.058,0
-0.0018,0.08,0
-0.0016,0.072,0.2
-0.0014,0.064,0
-0.0012,0.082,0
-0.001,0.064,0
-0.0008,0.072,0
-0.0006,0.046,0
-0.0004,0.088,0
-0.0002,0.056,0
0,0.104,0
0.0002,0.08,0
0.0004,0.11,0
0.0006,0.094,0
0.0008,0.11,0
0.001,0.084,0
0.0012,0.094,0
0.0014,0.082,0
0.0016,0.104,0
0.0018,0.072,0
0.002,0.098,0
0.0022,0.088,0
0.0024,0.068,0
0.0026,0.106,0
0.0028,0.088,0
0.003,0.098,0
0.0032,0.1,0
0.0034,0.102,0
0.0036,0.09,0
0.0038,0.096,0.2
0.004,0.108,0
0.0042,0.096,0
0.0044,0.11,0
0.0046,0.108,0
0.0048,0.104,0
0.005,0.126,0.2
0.0052,0.108,0
0.0054,0.11,0
0.0056,0.11,0
0.0058,0.106,0
0.006,0.11,0
0.0062,0.112,0
0.0064,0.11,0
0.0066,0.09,0
0.0068,0.094,0
0.007,0.09,0
0.0072,0.118,0
0.0074,0.108,0
0.0076,0.148,-0.2
0.0078,0.12,0
0.008,0.102,0
0.0082,0.108,0
0.0084,0.106,0.2
0.0086,0.128,0
0.0088,0.102,0
0.009,0.128,0
0.0092,0.114,0
0.0094,0.112,0
0.0096,0.13,0
0.0098,0.092,0
0.01,0.124,0
0.0102,0.1,0
0.0104,0.104,0.2
0.0106,0.092,0
0.0108,0.124,-0.2
0.011,0.11,0
0.0112,0.13,0
0.0114,0.108,0.2
0.0116,0.106,0
0.0118,0.086,0
0.012,0.09,0
0.0122,0.082,0
0.0124,0.096,0.2
0.0126,0.094,0
0.0128,0.068,0
0.013,0.104,0
0.0132,0.094,0
0.0134,0.096,0.2
0.0136,0.088,-0.2
0.0138,0.078,0
0.014,0.104,0
0.0142,0.124,0
0.0144,0.072,0
0.0146,0.072,0
0.0148,0.088,0
0.015,0.074,0
0.0152,0.066,0
0.0154,0.082,0
0.0156,0.062,0
0.0158,0.082,0
0.016,0.058,0
0.0162,0.058,0.2
0.0164,0.066,0
0.0166,0.068,0
0.0168,0.056,0
0.017,0.044,0
0.0172,0.054,0
0.0174,0.048,0
0.0176,0.054,0
0.0178,0.036,0
0.018,0.046,0
0.0182,0.03,0
0.0184,0.032,0
0.0186,0.054,0
0.0188,0.01,0
0.019,0.032,0
0.0192,0.02,0
0.0194,0.01,0
0.0196,0.048,0
0.0198,-0.014,0.2
0.02,-0.004,0
0.0202,-0.002,0
0.0204,-0.006,0
0.0206,-0.01,0
0.0208,0.006,0
0.021,-0.02,0
0.0212,0.006,0.2
0.0214,-0.02,0.2
0.0216,-0.038,0
0.0218,-0.014,0
0.022,-0.042,0.2
0.0222,-0.016,0
0.0224,-0.01,0
0.0226,-0.024,0.2
0.0228,-0.014,0
0.023,-0.056,0
0.0232,-0.02,0
0.0234,-0.036,-0.2
0.0236,-0.07,0
0.0238,-0.048,0
0.024,-0.046,0
0.0242,-0.076,0
0.0244,-0.06,0
0.0246,-0.078,0
0.0248,-0.054,0
0.025,-0.076,0
0.0252,-0.05,0
0.0254,-0.058,0
0.0256,-0.086,0
0.0258,-0.098,0
0.026,-0.084,0
0.0262,-0.06,0
0.0264,-0.088,0
0.0266,-0.084,0
0.0268,-0.084,0
0.027,-0.076,0
0.0272,-0.076,0
0.0274,-0.09,0
0.0276,-0.094,0
0.0278,-0.092,0
0.028,-0.124,0
0.0282,-0.1,0.2
0.0284,-0.08,0
0.0286,-0.102,0
0.0288,-0.094,0
0.029,-0.12,0
0.0292,-0.104,0
0.0294,-0.122,0
0.0296,-0.084,0
0.0298,-0.106,0.2
0.03,-0.1,0
0.0302,-0.104,0
0.0304,-0.098,0
0.0306,-0.122,0
0.0308,-0.114,0
0.031,-0.11,0
0.0312,-0.108,0
0.0314,-0.11,0.2
0.0316,-0.126,0
0.0318,-0.11,0
0.032,-0.124,0
0.0322,-0.102,0
0.0324,-0.136,0
0.0326,-0.086,0
0.0328,-0.124,0
0.033,-0.098,0
0.0332,-0.13,0
0.0334,-0.132,0
0.0336,-0.122,0
0.0338,-0.116,0
0.034,-0.088,0.2
0.0342,-0.14,0
0.0344,-0.138,0
0.0346,-0.132,0
0.0348,-0.118,0
0.035,-0.108,-0.2
0.0352,-0.106,0
0.0354,-0.108,0.2
0.0356,-0.104,0.2
0.0358,-0.1,0
0.036,-0.118,0
0.0362,-0.106,0
0.0364,-0.12,0
0.0366,-0.084,0
0.0368,-0.08,0
0.037,-0.116,0
0.0372,-0.114,0
0.0374,-0.09,0
0.0376,-0.094,0
0.0378,-0.102,0
0.038,-0.11,0
0.0382,-0.098,0
0.0384,-0.082,0
0.0386,-0.08,0
0.0388,-0.096,0
0.039,-0.082,0
0.0392,-0.088,0
0.0394,-0.088,0
0.0396,-0.08,0.2
0.0398,-0.076,0
0.04,-0.084,0
0.0402,-0.076,0
0.0404,-0.088,0
0.0406,-0.088,0
0.0408,-0.062,0
0.041,-0.08,0
0.0412,-0.088,0
0.0414,-0.104,0
0.0416,-0.104,0
0.0418,-0.072,0
0.042,-0.068,0
0.0422,-0.072,0
0.0424,-0.076,0
0.0426,-0.068,0
0.0428,-0.09,0
0.043,-0.046,0
0.0432,-0.052,0
0.0434,-0.062,0
0.0436,-0.054,0
0.0438,-0.054,0
0.044,-0.076,0
0.0442,-0.06,0
0.0444,-0.06,0
0.0446,-0.052,0
0.0448,-0.07,0
0.045,-0.044,0.2
0.0452,-0.07,0
0.0454,-0.062,0.2
0.0456,-0.048,0
0.0458,-0.05,0
0.046,-0.044,0
0.0462,-0.054,0
0.0464,-0.046,0
0.0466,-0.064,0.2
0.0468,-0.046,0
0.047,-0.032,0.2
0.0472,-0.036,0
0.0474,-0.036,0
0.0476,-0.032,0.2
0.0478,-0.038,-0.2
0.048,-0.05,0
0.0482,-0.034,0
0.0484,-0.044,0
0.0486,-0.052,0
0.0488,-0.024,0
0.049,-0.038,0.2
0.0492,-0.034,0
0.0494,-0.026,0
0.0496,-0.044,0
0.0498,-0.02,0
0.05,-0.024,0
0.0502,-0.006,0
0.0504,-0.04,0
0.0506,-0.008,0
0.0508,-0.06,0
0.051,-0.02,0.2
0.0512,-0.026,0
0.0514,-0.012,0
0.0516,-0.03,0
0.0518,-0.034,0
0.052,-0.008,0
0.0522,-0.044,0
0.0524,-0.032,0
0.0526,-0.012,-0.2
0.0528,-0.016,0
0.053,-0.042,0
0.0532,-0.024,0
0.0534,-0.022,0
0.0536,-0.02,0
0.0538,-0.04,0
0.054,-0.022,0
0.0542,-0.022,0
0.0544,-0.02,0
0.0546,-0.02,0
0.0548,-0.034,0
0.055,-0.022,0
0.0552,-0.016,0
0.0554,-0.026,0
0.0556,0.01,0
0.0558,-0.022,0
0.056,-0.026,0
0.0562,-0.012,0
0.0564,0.01,0
0.0566,-0.012,0
0.0568,-0.024,0
0.057,-0.056,0
0.0572,0.016,0
0.0574,-0.026,0.2
0.0576,0.004,0
0.0578,-0.006,0
0.058,0.012,0
0.0582,-0.034,0
0.0584,-0.034,0
0.0586,-0.008,0
0.0588,0.01,0
0.059,-0.018,0
0.0592,-0.014,0.2
0.0594,-0.012,0
0.0596,0.012,0
0.0598,-0.002,0.2
0.06,0.002,0
0.0602,-0.02,0.2
0.0604,0.014,0
0.0606,-0.024,0
0.0608,0.02,0.2
0.061,0.002,0
0.0612,0.002,0
0.0614,-0.006,0
0.0616,-0.008,0
0.0618,0.006,0
0.062,0.014,0.2
0.0622,0.02,0
0.0624,-0.008,0
0.0626,-0.014,0
0.0628,0.01,0
0.063,-0.024,0
0.0632,-0.004,0
0.0634,-0.01,-0.2
0.0636,0.012,0
0.0638,-0.01,0.2
0.064,-0.016,0
0.0642,-0.034,0
0.0644,-0.004,0
0.0646,-0.016,0
0.0648,0.01,0.2
0.065,-0.006,0
0.0652,0.018,0
0.0654,0.016,0
0.0656,0.02,0
0.0658,0,0
0.066,0.002,0
0.0662,-0.004,0
0.0664,0.01,0
0.0666,0.018,0
0.0668,0.006,0.2
0.067,0.004,0
0.0672,-0.022,0
0.0674,0.024,0
0.0676,0.004,0
0.0678,-0.004,0
0.068,0.008,0.2
0.0682,0.008,0
0.0684,-0.004,0
0.0686,0.016,0
0.0688,0.004,0
0.069,0,0
0.0692,0.006,0
0.0694,-0.012,0
0.0696,0.002,0
0.0698,-0.02,0
0.07,0.016,0
0.0702,-0.004,0
0.0704,-0.01,0
0.0706,-0.01,0
0.0708,0.012,0.2
0.071,-0.004,0
0.0712,0.012,0
0.0714,-0.004,0
0.0716,0.008,0.2
0.0718,-0.016,0
0.072,0.008,0
0.0722,0.006,0
0.0724,-0.012,0
0.0726,-0.014,0
0.0728,0.002,0
0.073,-0.016,0
0.0732,0.004,0.2
0.0734,0,0
0.0736,-0.02,0
0.0738,0.004,0
0.074,-0.004,0
0.0742,-0.006,0
0.0744,-0.006,0
0.0746,0.008,0
0.0748,0.006,0
0.075,-0.006,0
0.0752,-0.03,0
0.0754,-0.016,0
0.0756,-0.002,0
0.0758,-0.004,0
0.076,0.002,0
0.0762,0,0
0.0764,0.002,-0.2
0.0766,-0.004,0
0.0768,0.016,0
0.077,0.004,0
0.0772,0.01,0
0.0774,-0.01,0
0.0776,-0.02,0
0.0778,0.022,0
0.078,0.012,0
0.0782,-0.01,0
0.0784,-0.01,0
0.0786,0.02,0
0.0788,0.02,0
0.079,-0.014,0.2
0.0792,0.014,0
0.0794,-0.008,0
0.0796,0.006,0
0.0798,-0.034,0
0.08,0.002,0
0.0802,-0.008,0
0.0804,-0.02,0
0.0806,0.002,0
0.0808,0.018,0
0.081,-0.016,0
0.0812,0.006,0
0.0814,-0.004,0
0.0816,0.008,0
0.0818,0.012,0
0.082,0.01,0
0.0822,0.016,0
0.0824,0.012,0
0.0826,-0.006,0
0.0828,0.006,0
0.083,-0.004,0
0.0832,-0.016,0
0.0834,0.006,0
0.0836,-0.002,0
0.0838,0.02,0
0.084,0.006,0
0.0842,-0.004,0
0.0844,-0.01,0
0.0846,0.004,0
0.0848,0.002,-0.2
0.085,-0.008,0
0.0852,-0.016,0
0.0854,-0.012,0
0.0856,0.008,0
0.0858,0.02,0
0.086,-0.004,0
0.0862,0.008,0
0.0864,-0.002,0
0.0866,-0.01,0
0.0868,-0.006,0
0.087,0,0
0.0872,0.012,0.2
0.0874,-0.016,0
0.0876,-0.01,0
0.0878,0.02,0.2
0.088,0.012,0
0.0882,0.016,0
0.0884,0.018,0.2
0.0886,-0.034,0
0.0888,-0.022,0
0.089,0.022,0
0.0892,-0.004,0
0.0894,0.038,0
0.0896,-0.006,0
0.0898,0.012,0
0.09,0.006,0.2
0.0902,-0.002,0
0.0904,-0.014,0
0.0906,0.046,-0.2
0.0908,0.022,0
0.091,0.016,0
0.0912,-0.006,0
0.0914,0.01,0
0.0916,0.006,0
0.0918,0.01,0
0.092,0.002,0
0.0922,-0.006,0
0.0924,-0.002,0
0.0926,-0.01,0
0.0928,0.006,0
0.093,0.008,0
0.0932,-0.014,0
0.0934,0.01,0
0.0936,-0.014,0
0.0938,-0.018,0
0.094,0.002,0.2
0.0942,-0.01,0
0.0944,-0.002,0
0.0946,0.002,0
0.0948,0.006,0
0.095,0.018,0
0.0952,0.014,0
0.0954,-0.002,0.2
0.0956,-0.002,0
0.0958,0.002,0
0.096,-0.008,0
0.0962,-0.006,0
0.0964,0,0
0.0966,-0.024,0.2
0.0968,0,0
0.097,-0.008,0
0.0972,-0.006,0
0.0974,0.012,0
0.0976,-0.012,0
0.0978,-0.014,0
0.098,0.008,0
0.0982,-0.018,0
0.0984,0.002,0
0.0986,0.014,0
0.0988,-0.04,0
0.099,0.018,0
0.0992,0.018,0
0.0994,0.012,0.2
0.0996,-0.016,0
0.0998,0.004,0
0.1,-0.004,0
0.1002,-0.008,-0.2
0.1004,-0.002,0
0.1006,0.016,0
0.1008,0.004,0
0.101,0.002,0
0.1012,-0.006,0
0.1014,-0.008,0.2
0.1016,-0.006,0
0.1018,0,0.2
0.102,0,0.2
0.1022,0.004,0
0.1024,-0.016,0
0.1026,0.002,0
0.1028,0.008,0
0.103,-0.01,0
0.1032,0.004,0.2
0.1034,-0.014,0
0.1036,0,0
0.1038,0.002,0
0.104,0.004,0
0.1042,0.022,0
0.1044,0.02,0
0.1046,0.008,0
0.1048,0.006,0
0.105,0.006,0
0.1052,-0.016,0
0.1054,0.006,0
0.1056,-0.02,0
0.1058,0.01,0
0.106,-0.008,0
0.1062,0.026,0
0.1064,0.004,0
0.1066,0.018,0
0.1068,-0.002,0
0.107,0.002,0
0.1072,0.006,0
0.1074,-0.024,0
0.1076,0.004,-0.2
0.1078,0.012,0.2
0.108,0.018,0.2
0.1082,-0.006,0.2
0.1084,-0.008,0
0.1086,0.008,0
0.1088,0.004,0
0.109,-0.012,0
0.1092,0.01,0
0.1094,-0.016,0
0.1096,0.022,0
0.1098,0.004,0
0.11,0.016,0
0.1102,-0.006,0
0.1104,0.024,0
0.1106,-0.026,0
0.1108,0.018,0
0.111,0.002,0
0.1112,0.014,0
0.1114,0.02,0
0.1116,-0.002,0
0.1118,0.002,0.2
0.112,0.006,0
0.1122,0,0.2
0.1124,-0.012,0
0.1126,-0.012,0
0.1128,-0.006,0
0.113,0.01,0
0.1132,-0.012,0
0.1134,0.014,0
0.1136,0.01,0
0.1138,-0.006,0
0.114,-0.006,0
0.1142,0.03,0
0.1144,-0.006,0
0.1146,-0.014,0.2
0.1148,0.008,0
0.115,-0.006,0
0.1152,0.004,0
0.1154,-0.02,0
0.1156,-0.002,0
0.1158,-0.006,0
0.116,0.002,0
0.1162,-0.006,0
0.1164,-0.01,0
0.1166,0.01,0
0.1168,0.01,0
0.117,0.02,-0.2
0.1172,-0.004,0
0.1174,-0.008,0
0.1176,-0.004,0
0.1178,-0.008,0
0.118,0.006,0
0.1182,-0.008,0
0.1184,0.004,0
0.1186,-0.024,0
0.1188,0.03,0.2
0.119,0.01,0.2
0.1192,-0.01,0
0.1194,0.016,0
0.1196,0.004,0
0.1198,0.026,0
0.12,-0.002,0
0.1202,0.036,0
0.1204,0.002,0
0.1206,0.038,0
0.1208,-0.006,0
0.121,0.03,0
0.1212,0.006,0
0.1214,0.01,0
0.1216,0.006,0
0.1218,0.008,0
0.122,0.004,0
0.1222,0.01,0
0.1224,-0.004,0
0.1226,0,0
0.1228,0.004,0
0.123,-0.008,0.2
0.1232,0.008,0
0.1234,-0.004,0.2
0.1236,0.014,0
0.1238,-0.026,0
0.124,-0.016,0
0.1242,-0.012,0
0.1244,-0.014,-0.2
0.1246,-0.006,0
0.1248,-0.008,0
0.125,0.012,0
0.1252,-0.018,0.2
0.1254,-0.004,0
0.1256,-0.01,0
0.1258,-0.02,0
0.126,0.008,0
0.1262,-0.004,0
0.1264,0.006,0
0.1266,-0.002,0
0.1268,-0.002,0
0.127,-0.002,0
0.1272,0.008,0
0.1274,0,0
0.1276,-0.03,0
0.1278,-0.008,0
0.128,0.014,0
0.1282,0.002,0
0.1284,-0.008,-0.2
0.1286,-0.01,0
0.1288,-0.018,0
0.129,0.036,0.2
0.1292,-0.014,0
0.1294,0.026,0
0.1296,-0.024,0
0.1298,0.008,0
0.13,-0.024,0
0.1302,0.004,0
0.1304,-0.022,0
0.1306,-0.02,0
0.1308,-0.042,0
0.131,-0.022,0
0.1312,-0.02,0.2
0.1314,0,0
0.1316,0.008,0
0.1318,-0.01,0
0.132,-0.008,0
0.1322,0.004,0
0.1324,-0.004,0
0.1326,0.004,0
0.1328,0.016,0
0.133,-0.006,0
0.1332,-0.002,0
0.1334,-0.004,0
0.1336,0.008,0
0.1338,0.004,0
0.134,-0.01,0
0.1342,0.022,0
0.1344,-0.002,0
0.1346,-0.018,0
0.1348,0.002,0
0.135,0.004,0
0.1352,-0.006,0
0.1354,-0.006,0
0.1356,-0.002,0
0.1358,-0.002,0
0.136,0.004,0
0.1362,0.006,0
0.1364,-0.002,0
0.1366,0,0
0.1368,0.004,0
0.137,-0.024,0
0.1372,0.008,0
0.1374,0.016,0
0.1376,0.032,0
0.1378,0.012,0
0.138,0.004,0.2
0.1382,0.002,0
0.1384,0.028,0
0.1386,-0.004,0
0.1388,0.002,0
0.139,0.02,0
0.1392,-0.022,0
0.1394,-0.004,0
0.1396,-0.006,0
0.1398,-0.012,0
0.14,-0.014,0
0.1402,-0.02,0
0.1404,-0.012,0
0.1406,-0.02,0
0.1408,-0.008,0
0.141,-0.004,0
0.1412,-0.01,0
0.1414,0.014,0.2
0.1416,0.008,0.2
0.1418,-0.004,0
0.142,-0.002,0
0.1422,-0.026,0
0.1424,0.004,0
0.1426,-0.014,0
0.1428,0.004,0
0.143,-0.022,0
0.1432,-0.006,0
0.1434,0.024,0
0.1436,-0.01,0
0.1438,0.004,0
0.144,-0.006,0
0.1442,-0.014,0
0.1444,0.022,0
0.1446,0.004,0.2
0.1448,0.002,0
0.145,0.012,0
0.1452,0.018,0
0.1454,-0.01,0
0.1456,0.014,-0.2
0.1458,0.002,0
0.146,0.028,0
0.1462,0.004,0
0.1464,-0.02,0.2
0.1466,-0.002,0
0.1468,0.018,0
0.147,0,0
0.1472,-0.006,0
0.1474,-0.002,0
0.1476,0.006,0.2
0.1478,0.01,0
0.148,0.006,0
0.1482,0.018,0
0.1484,0.008,0
0.1486,0.018,0
0.1488,-0.014,0
0.149,-0.018,0
0.1492,0.002,0
0.1494,0.004,0
0.1496,0.018,0
0.1498,0.002,0.2
0.15,0.004,0
0.1502,0.002,0
0.1504,0.008,0
0.1506,-0.008,0
0.1508,0.006,0
0.151,-0.002,0
0.1512,0.012,0
0.1514,0.01,0
0.1516,0.01,0
0.1518,0.004,-0.2
0.152,0.012,0
0.1522,-0.018,0
0.1524,0.004,0
0.1526,-0.01,-0.2
0.1528,-0.012,0.2
0.153,0.016,0
0.1532,0.014,0
0.1534,0.006,0
0.1536,0.012,0
0.1538,0.01,0
0.154,-0.002,0.2
0.1542,-0.016,0
0.1544,-0.004,0
0.1546,-0.01,0
0.1548,0.01,0
0.155,0.004,0
0.1552,0.002,0
0.1554,-0.004,0
0.1556,0.018,0
0.1558,0.028,0
0.156,0.012,0
0.1562,-0.01,0
0.1564,0.004,0
0.1566,0.002,0
0.1568,-0.004,0
0.157,-0.004,0
0.1572,-0.036,0
0.1574,0.006,0
0.1576,-0.01,0
0.1578,0.002,0
0.158,-0.014,0
0.1582,0.008,0
0.1584,-0.016,0
0.1586,-0.002,0
0.1588,-0.008,0
0.159,0.012,0.2
0.1592,0.006,0
0.1594,0.012,0
0.1596,0.004,0
0.1598,0.006,0
0.16,0.01,0
0.1602,0.004,0
0.1604,0.026,0
0.1606,0.004,0
0.1608,-0.006,0
0.161,0.036,-0.2
0.1612,0,0.2
0.1614,-0.012,0
0.1616,0.002,0
0.1618,-0.006,0
0.162,0.014,0
0.1622,-0.016,0
0.1624,-0.006,0
0.1626,0.006,0
0.1628,0.004,0
0.163,0.022,0
0.1632,0.012,0.2
0.1634,-0.002,0
0.1636,0.008,0
0.1638,-0.014,0
0.164,0.012,0
0.1642,0.016,0
0.1644,-0.004,0
0.1646,0.014,-0.2
0.1648,-0.014,0
0.165,0.004,0
0.1652,0.034,0
0.1654,-0.008,-0.2
0.1656,0.004,-0.2
0.1658,0.002,0
0.166,0.004,0
0.1662,0,0
0.1664,-0.006,0
0.1666,-0.028,0
0.1668,-0.014,0
0.167,-0.032,0
0.1672,0.002,0
0.1674,0.004,0.2
0.1676,-0.004,0
0.1678,0.004,0.2
0.168,-0.006,0
0.1682,-0.004,0
0.1684,0.016,0
0.1686,0.012,0
0.1688,-0.012,0
0.169,0.022,0
0.1692,-0.006,0
0.1694,0.008,0
0.1696,0,0
0.1698,0.014,0
0.17,-0.004,0
0.1702,0.006,0
0.1704,0.01,0
0.1706,0.006,0
0.1708,-0.026,0
0.171,-0.006,-0.2
0.1712,0.024,0
0.1714,0.002,0
0.1716,-0.008,0
0.1718,-0.012,0
0.172,0.006,0
0.1722,-0.004,0
0.1724,0.004,0
0.1726,0.018,0
0.1728,0.002,0
0.173,-0.004,0.2
0.1732,-0.006,0
0.1734,-0.01,0
0.1736,-0.018,0
0.1738,-0.012,0
0.174,0.01,0
0.1742,0.012,0
0.1744,-0.002,0
0.1746,0.008,0.2
0.1748,0,0
0.175,0.002,0
0.1752,0.01,0
0.1754,-0.01,0
0.1756,0.014,0
0.1758,-0.024,0
0.176,-0.008,0
0.1762,0.01,0
0.1764,0.002,0
0.1766,0.014,0
0.1768,0.004,0.2
0.177,-0.018,0
0.1772,0.008,0
0.1774,-0.012,0
0.1776,0.004,0
0.1778,-0.006,0
0.178,-0.01,0
0.1782,0.006,0
0.1784,-0.006,0
0.1786,0.024,0
0.1788,-0.016,0
0.179,0.012,0
0.1792,-0.008,0
0.1794,-0.012,0
0.1796,-0.018,0
0.1798,0.008,0
0.18,0.016,-0.2
0.1802,-0.016,0
0.1804,-0.014,0
0.1806,-0.008,0
0.1808,0.02,0
0.181,-0.004,0
0.1812,0.018,0
0.1814,-0.002,0
0.1816,0.008,0
0.1818,0.004,0.2
0.182,0.004,0
0.1822,-0.006,0
0.1824,0.004,0
0.1826,-0.012,0
0.1828,0.02,0.2
0.183,0.008,0
0.1832,-0.01,0
0.1834,0.008,0
0.1836,-0.01,0
0.1838,0.004,0
0.184,-0.004,0
0.1842,0,0
0.1844,-0.008,0
0.1846,0.01,0
0.1848,0.016,0.2
0.185,-0.018,0
0.1852,-0.008,0
0.1854,0.002,0
0.1856,0.006,0
0.1858,-0.014,0
0.186,0,0
0.1862,0.004,0
0.1864,0,0
0.1866,0.014,0
0.1868,-0.026,0.2
0.187,0.006,0
0.1872,-0.01,0
0.1874,0.008,0
0.1876,0.004,0
0.1878,0,0
0.188,0.018,0
0.1882,0.006,0
0.1884,-0.006,0
0.1886,0.026,0.2
0.1888,-0.008,0
0.189,0.004,0
0.1892,0.008,0.2
0.1894,0.012,0
0.1896,0.034,0
0.1898,-0.01,0
0.19,0.034,0
0.1902,-0.01,0
0.1904,0.022,0
0.1906,0.004,0
0.1908,0.01,0
0.191,-0.008,0
0.1912,0.012,0
0.1914,-0.012,0
0.1916,-0.008,0
0.1918,0.02,0
0.192,-0.008,0
0.1922,0.008,0
0.1924,0.006,0
0.1926,0.006,0
0.1928,0.03,0
0.193,0.008,0
0.1932,-0.016,0
0.1934,0.012,0
0.1936,0.008,0
0.1938,0.002,0
0.194,-0.01,0
0.1942,-0.006,0
0.1944,0.004,0
0.1946,-0.004,0
0.1948,-0.008,0
0.195,0.008,0.2
0.1952,-0.002,0
0.1954,-0.014,0
0.1956,0,0
0.1958,0.008,0
0.196,0.004,0
0.1962,0.01,0.2
0.1964,0.004,0
0.1966,0.002,0
0.1968,-0.02,0
0.197,0.014,0.2
0.1972,-0.012,0
0.1974,0.012,0
0.1976,0.006,0
0.1978,0.012,0.2
0.198,0.012,0
0.1982,0.01,0
0.1984,0.018,0
0.1986,-0.022,0
0.1988,0.024,0
0.199,-0.002,0
0.1992,0.006,0.2
0.1994,0.012,0
0.1996,0.008,0
0.1998,0.018,0
0.2,0.006,0
0.2002,0.01,0
0.2004,0.004,0
0.2006,0.012,0
0.2008,0.012,0.2
0.201,-0.004,0.2
0.2012,-0.024,0
0.2014,0.004,0
0.2016,-0.02,0.2
0.2018,0.004,0
0.202,-0.01,0
0.2022,-0.01,0
0.2024,0.012,0
0.2026,0.01,0
0.2028,-0.006,0
0.203,0.002,0
0.2032,0.006,0
0.2034,0.006,0
0.2036,-0.006,0
0.2038,-0.008,0
0.204,0.002,0
0.2042,0.002,0
0.2044,-0.014,0
0.2046,-0.018,0
0.2048,-0.002,0
0.205,0.004,0
0.2052,-0.004,0
0.2054,0.014,0
0.2056,-0.016,0
0.2058,0.004,-0.2
0.206,-0.002,0
0.2062,0.014,0
0.2064,0.014,0
0.2066,0.008,0
0.2068,-0.008,0
0.207,0.004,0
0.2072,0.002,0
0.2074,0.02,0
0.2076,0.008,0
0.2078,-0.012,0
0.208,-0.004,0
0.2082,0.022,0
0.2084,-0.008,0
0.2086,-0.032,0
0.2088,0.004,0
0.209,0.034,0
0.2092,0.002,0.2
0.2094,0.01,0
0.2096,-0.036,0
0.2098,0.016,0
0.21,0.002,0
0.2102,0.012,0
0.2104,-0.032,0
0.2106,0.008,0
0.2108,-0.004,0
0.211,0.018,0
0.2112,-0.032,0
0.2114,0.014,0
0.2116,0.016,0
0.2118,-0.012,0
0.212,0.026,0
0.2122,-0.004,0
0.2124,-0.01,0
0.2126,0.012,0
0.2128,0.002,0
0.213,-0.03,0
0.2132,-0.002,0
0.2134,0,0
0.2136,0.008,0
0.2138,0.004,0
0.214,-0.004,0
0.2142,0.006,0
0.2144,0.004,0
0.2146,0.01,0
0.2148,-0.01,0
0.215,-0.012,0
0.2152,-0.004,0.2
0.2154,0.014,0
0.2156,0.004,0
0.2158,0.004,0
0.216,-0.018,0.2
0.2162,0,0
0.2164,-0.004,0.2
0.2166,0.004,0
0.2168,-0.012,0
0.217,-0.002,0
0.2172,0.008,0
0.2174,-0.004,0
0.2176,-0.004,0
0.2178,0.02,0
0.218,-0.01,0
0.2182,0.008,0
0.2184,0.008,0.2
0.2186,0.006,0
0.2188,-0.002,0
0.219,-0.03,0
0.2192,0.018,0
0.2194,-0.016,0
0.2196,0.026,0
0.2198,-0.032,0
0.22,-0.022,0
0.2202,-0.012,0
0.2204,0.024,0
0.2206,-0.02,0
0.2208,-0.014,0
0.221,0.006,0
0.2212,0,0
0.2214,0.006,0.2
0.2216,-0.008,0
0.2218,0.008,0
0.222,-0.008,0.2
0.2222,-0.028,0
0.2224,-0.002,0
0.2226,-0.006,0
0.2228,-0.018,0.2
0.223,0.008,0
0.2232,0.004,0.2
0.2234,-0.014,0
0.2236,-0.02,0
0.2238,0.022,0
0.224,-0.006,0
0.2242,0.014,0
0.2244,-0.028,0
0.2246,0.008,0
0.2248,-0.016,0
0.225,-0.026,0
0.2252,-0.002,0
0.2254,-0.002,0
0.2256,0.024,0
0.2258,-0.008,0
0.226,-0.014,0
0.2262,0.004,0
0.2264,-0.008,0
0.2266,-0.004,0
0.2268,-0.016,0
0.227,0.006,0
0.2272,0,0
0.2274,-0.014,0
0.2276,-0.002,0.2
0.2278,-0.006,0
0.228,0.006,0
0.2282,-0.004,0.2
0.2284,0.012,0
0.2286,-0.026,0
0.2288,0.032,0
0.229,-0.018,0
0.2292,-0.006,0
0.2294,-0.002,0
0.2296,-0.002,0
0.2298,-0.002,0
0.23,0.002,0
0.2302,0.026,0
0.2304,-0.034,0
0.2306,0.03,0
0.2308,-0.004,0
0.231,0.02,0
0.2312,-0.012,0
0.2314,0,0
0.2316,-0.012,0
0.2318,-0.004,0
0.232,0.016,0
0.2322,-0.002,0
0.2324,0.016,0
0.2326,-0.004,0
0.2328,0.004,0
0.233,0.012,0
0.2332,-0.006,0
0.2334,-0.008,0
0.2336,-0.016,0
0.2338,0.004,0
0.234,0.002,0
0.2342,-0.014,0
0.2344,0.022,0
0.2346,0.008,0
0.2348,-0.004,0
0.235,0.006,0
0.2352,0.006,0
0.2354,-0.002,0
0.2356,0,0
0.2358,0.016,0
0.236,0.01,0
0.2362,-0.012,0
0.2364,0.012,0
0.2366,0.008,0
0.2368,0.008,0
0.237,-0.012,0
0.2372,-0.016,0
0.2374,0.022,0
0.2376,-0.008,0
0.2378,-0.002,0
0.238,0.01,0
0.2382,-0.008,0
0.2384,-0.016,0
0.2386,0.006,0.2
0.2388,0.006,0
0.239,-0.02,0.2
0.2392,0.008,0
0.2394,0,0
0.2396,0.016,0
0.2398,-0.004,0
0.24,-0.016,0
0.2402,-0.014,0
0.2404,0.02,0
0.2406,0.002,0
0.2408,0.006,0
0.241,-0.01,0.2
0.2412,-0.018,0
0.2414,0.004,0
0.2416,-0.012,0
0.2418,-0.016,0
0.242,-0.01,0
0.2422,-0.006,-0.2
0.2424,0.004,0
0.2426,-0.004,0
0.2428,0.004,0
0.243,0.016,0
0.2432,-0.008,0
0.2434,-0.002,0
0.2436,0.012,0
0.2438,0.014,0.2
0.244,0.016,0
0.2442,0.002,0
0.2444,0.004,0
0.2446,0.006,0
0.2448,0,0
0.245,-0.02,0
0.2452,0.004,0
0.2454,-0.006,0
0.2456,0.014,0
0.2458,0.004,0
0.246,0.008,0
0.2462,-0.006,0
0.2464,0.012,0
0.2466,-0.01,0
0.2468,0.014,0
0.247,0,0
0.2472,0.012,0
0.2474,-0.01,0
0.2476,-0.012,0
0.2478,0.002,0
0.248,-0.006,0
0.2482,0.004,0
0.2484,0.002,0
0.2486,-0.014,0
0.2488,-0.01,0
0.249,-0.024,0
0.2492,0.002,0
0.2494,0.004,0
0.2496,-0.012,0
0.2498,0.022,0